"row";"column";"Si_Ka";"Si_Kb";"P_Ka";"P_Kb";"Ni_Ka";"Ni_Kb";"Ga_Ka";"Ga_Kb";"Ga_L1";"Ga_L2";"Ga_L3";"Rh_L1";"Rh_L2";"Rh_L3";"s(Si_Ka)";"s(Si_Kb)";"s(P_Ka)";"s(P_Kb)";"s(Ni_Ka)";"s(Ni_Kb)";"s(Ga_Ka)";"s(Ga_Kb)";"s(Ga_L1)";"s(Ga_L2)";"s(Ga_L3)";"s(Rh_L1)";"s(Rh_L2)";"s(Rh_L3)";"chisq"
0;0;361987;15044.8;4741.91;258.121;949.15;52.2046;13482.3;2070.23;18.44;294.322;385.07;94.5173;155.894;268.293;695.37;267.529;73.9712;27.4065;46.98;43.7763;135.506;87.8518;36.8414;75.3965;74.8851;23.8787;23.4726;25.2099;1.82025
1;0;362341;15257;4702.53;257.561;896.123;81.0929;13496;1961.82;28.6258;252.316;458.458;64.5994;181.416;339.354;688.703;267.974;73.5444;26.599;46.2369;44.0945;134.779;85.8068;37.5612;75.4111;74.8113;22.4839;22.794;26.2363;1.87382
2;0;364005;14492.8;4853.12;275.015;809.677;1.95729;13520.2;2031.96;60.1415;232.276;346.605;80.0064;98.3513;256.672;661.99;265.972;74.663;27.762;45.7462;43.5125;134.402;86.5947;33.1064;72.2607;72.0898;22.6541;21.1438;25.1248;1.73379
3;0;363582;15380.4;4802.61;315.646;898.129;120.963;13541;1972.72;73.7799;206.458;505.51;88.8007;162.772;379.485;686.406;268.468;74.382;28.0741;46.1698;44.6719;135.106;86.2507;37.6227;75.4136;74.6444;23.3626;23.1023;27.1047;1.92971
4;0;364049;15025.2;4670.99;269.827;895.759;87.716;13597.8;2087.55;117.804;224.862;442.651;74.3067;153.015;276.356;684.504;267.29;73.5159;27.6504;46.6233;44.9097;135.903;87.5343;36.9009;74.5886;73.6388;22.9608;22.7733;25.5312;1.9747
5;0;364585;15132.1;4618.25;272.487;837.427;112.748;13439.2;1948.72;104.387;289.052;350.148;93.1593;166.603;305.008;687.292;267.417;72.9838;27.6405;45.416;44.1974;134.504;85.8525;37.3434;76.1076;74.3707;23.8323;23.1178;25.7307;1.9277
6;0;364188;14965.2;4783.19;290.863;848.052;65.974;13342.3;1918.54;130.283;272.045;305.388;42.3078;174.134;263.649;680.854;266.153;74.2031;27.6864;45.7821;43.9304;134.507;85.5695;37.2288;75.4587;72.1944;22.0186;22.5477;24.6067;1.9748
7;0;364150;15264.8;4758.05;245.74;848.18;79.0079;13852.3;2061.27;45.2542;237.867;369.243;106.982;92.3525;278.436;687.43;267.104;73.9506;27.3111;46.0573;44.7499;136.63;86.7757;38.1604;72.4369;71.1251;23.4938;22.1525;25.5145;1.82996
8;0;363219;14908.9;4651.95;301.337;863.799;69.8855;13484.9;2090.43;32.2761;279.883;411.041;130.187;137.484;275.265;685.7;266.443;73.332;28.1276;46.1327;44.2067;135.063;86.8789;38.4045;74.6417;73.3613;25.1803;22.9648;25.483;1.65091
9;0;363605;15714.1;4732.26;336.909;889.301;72.7578;13757.7;2075.86;106.675;277.888;302.171;85.2815;114.001;327.261;687.833;267.436;73.7981;28.9242;46.3591;44.1798;136.058;87.7975;37.1113;71.3647;70.7552;23.6808;21.6353;25.7832;1.91576
10;0;361941;15238;4753.3;232.394;919.695;38.0515;13648.5;2017.68;103.379;134.944;382.971;28.7258;152.198;269.54;698.132;273.977;74.4201;27.6501;46.9152;43.7921;131.757;86.1985;41.0016;76.3585;74.6968;22.697;22.731;25.7582;1.78038
11;0;360512;15649.9;4686.05;252.639;825.84;107.172;13542.8;2063.17;32.4525;314.518;402.549;34.5846;179.079;283.865;671.535;268.989;73.5919;27.6905;46.0735;45.3172;135.454;89.6022;31.5607;74.0642;74.1742;22.951;23.272;25.785;1.69515
12;0;360820;14937.3;4757.14;318.451;866.419;0.529062;13331.3;2103.57;18.4113;242.036;453.239;52.1386;169.674;283.404;682.58;264.318;74.2073;28.6078;46.1103;43.0829;134.442;87.3216;39.3747;75.6242;75.2063;22.7548;23.1089;25.4246;1.73608
13;0;360439;15673.1;4603.31;301.169;958.976;120.682;13556.8;2183.64;94.2471;210.943;418.303;114.333;142.896;281.47;674.59;270.265;73.3443;28.6535;47.6347;45.0248;135.242;87.7531;39.9523;76.0034;74.9618;23.7778;23.9402;25.7286;1.9025
14;0;360569;14866;4609.35;325.591;906.657;88.9731;13552.2;2033.78;88.2719;216.827;366.691;61.9137;118.271;339.92;681.833;265.541;73.0557;28.7814;46.4513;44.1921;136.032;87.6742;38.4522;74.4785;73.3944;22.8974;21.6815;26.2952;1.81351
15;0;359413;14908.9;4560.57;309.357;816.147;17.854;13294.8;1947.94;56.3994;209.112;349.515;112.952;135.357;274.682;677.635;265.269;72.8465;28.6307;45.8199;42.8718;134.812;85.702;39.3622;72.9903;71.9057;24.1926;23.5397;25.7307;1.70771
16;0;359620;15155.1;4735.28;288.448;829.423;140.159;13468.9;2086.71;41.4004;340.131;279.255;132.88;138.215;334.267;681.588;266.073;73.8508;27.8146;45.51;45.0991;135.012;86.9737;38.6244;75.8092;72.9373;24.603;23.2844;26.1561;1.94235
17;0;359926;15354.1;4572.58;309.663;982.232;192.888;13504.5;1995.37;71.1865;378.073;216.351;7.52007;234.712;267.606;684.899;268.935;73.0698;28.5429;47.2752;45.1712;134.774;86.6562;38.4073;75.424;72.9511;22.4344;23.7906;25.2112;1.82953
18;0;359871;14841.6;4629.17;302.793;864.021;170.571;13380.4;1945.05;96.3583;270.875;341.636;117.81;148.516;318.124;674.826;267.606;73.5149;28.5438;46.2514;45.0383;134.436;85.8893;40.0425;77.0497;74.8756;25.1666;23.319;26.5079;1.85761
19;0;360878;14985;4724.93;287.606;885.169;119.869;13367.9;2047.45;14.1607;263.489;342.664;67.1408;148.641;300.301;678.002;267.443;73.9712;27.942;46.0636;44.7125;134.656;87.1634;35.647;74.2433;73.4393;23.6937;22.8647;25.7634;1.79853
20;0;361281;15350.2;4727.27;309.761;908.085;73.4295;13266.7;2003.62;116.528;86.5937;458.354;95.373;180.205;278.136;673.594;269.012;74.1012;28.8967;46.7834;44.0978;134.305;86.5038;40.8068;76.1934;75.9102;23.6113;24.3102;25.9758;1.94425
21;0;362536;15192.9;4612.44;284.382;856.23;128.764;13324.8;1987.23;68.2386;305.058;330.269;61.9297;147.536;302.573;687.878;267.393;73.3515;28.6132;45.7884;44.8382;133.986;85.7338;39.0316;77.7338;75.6179;22.8931;23.4331;26.4841;1.77651
22;0;362512;14967.5;4617.56;265.51;959.028;3.56041;13606.5;2126.31;97.5052;139.585;471.317;57.9598;110.831;318.384;677.869;267.29;73.2593;27.4571;47.4182;43.451;135.43;87.4422;40.3473;76.9151;75.8583;22.0649;21.9502;25.7696;1.87667
23;0;362430;15085.4;4701.66;298.35;851.873;35.8018;13414.7;1998.69;104.357;95.5252;538.655;112.997;170.333;344.116;674.582;266.784;73.8128;28.4899;46.1622;43.7897;134.71;86.2437;38.9234;75.1965;74.8752;24.5882;23.802;26.6707;1.72945
24;0;362804;14684.3;4743.82;295.437;868.55;196.314;13559.2;1992.97;16.8096;347.973;347.118;101.14;148.546;275.899;694.678;265.951;73.9118;28.0302;45.8009;45.2245;134.929;85.5019;37.665;75.0825;73.781;24.0041;23.6573;25.78;1.86822
25;0;361250;14772.5;4748.59;337.131;832.635;23.6105;13580.3;1934.57;55.9406;190.835;364.271;104.511;123.91;289.463;685.977;267.131;74.2388;29.1017;45.7251;43.6916;135.641;86.0335;39.2446;74.7318;74.9008;24.1498;22.4422;25.9579;1.83828
26;0;361774;15075.3;4598.36;312.554;892.228;86.1556;13424.1;2156.01;82.2506;235.364;389.087;67.2818;137.864;311.147;680.599;267.162;73.3804;28.82;46.618;44.7631;135.314;88.0738;39.4375;76.6367;75.5718;24.4944;22.9573;26.6933;1.83398
27;0;362015;14689.7;4594.54;257.537;878.884;128.92;13479;2018.36;60.8464;286.615;371.771;5.74028;181.78;333.239;681.103;266.665;73.298;27.7459;46.3075;44.9478;135.29;86.9397;39.2128;76.3217;74.4959;21.4089;23.3106;27.103;1.73545
28;0;362541;15185.2;4676.61;289.031;921.489;112.096;13433.8;2153.56;81.3105;285.904;348.996;66.7383;153.037;293.929;664.789;269.583;73.5387;28.1209;46.6287;44.5182;134.74;87.5986;36.8636;77.3523;76.5914;23.83;23.0666;25.8244;1.88764
29;0;361398;15384.4;4643.57;306.466;847.907;21.9292;13245;2005.65;47.0591;204.088;417.131;48.5918;123.478;351.925;684.308;269.632;73.2932;28.2355;45.7262;43.7113;134.197;87.0056;39.7706;75.1124;73.7704;21.9909;22.3636;26.4801;1.81848
30;0;360801;15198.7;4614.31;296.665;894.257;55.6529;13405.3;2122.84;5.64065;179.656;439.572;92.5608;176.7;257.493;678.948;269.481;73.6372;29.0669;46.4618;43.8165;134.824;87.5992;36.4537;75.9072;75.9805;24.7166;24.0309;26.0954;1.99883
31;0;362550;15183.3;4695.75;309.398;869.053;87.0809;13344.7;2077;0.740135;297.761;378.707;98.8746;181.163;274.367;695.378;267.495;73.7102;28.377;46.2967;44.6181;134.567;87.2657;38.7627;76.2883;75.3363;23.312;23.3304;24.8372;1.9609
32;0;363279;15067.3;4653.97;353.105;956.245;46.8221;13528.7;2001.79;84.7679;323.482;320.748;15.9344;172.97;263.079;677.584;267.144;73.567;29.541;47.2036;43.99;135.609;86.9156;38.9593;77.1783;75.0587;22.3881;23.3378;25.6838;1.89331
33;0;362661;14806.7;4795.08;261.287;902.383;87.9365;13646.6;2028.24;10.8117;212.569;396.762;91.2387;162.296;333.256;689.174;264.988;74.3285;27.4315;46.6582;44.7786;136.251;87.9226;38.9319;74.1757;73.9165;23.9233;24.0876;26.7816;1.77072
34;0;362038;15147.6;4735.61;273.779;921.762;193.534;13377.5;2127.2;3.30854;236.111;396.642;107.429;151.013;291.352;674.744;266.319;74.044;28.3022;46.742;45.6867;134.496;87.8028;36.5199;74.7216;74.4532;24.5364;23.512;25.9033;1.86767
35;0;362527;14947;4742.58;315.88;890.47;67.4316;13665.8;1770.56;1.39136;153.043;412.461;94.2483;157.357;320.821;678.372;266.871;73.9368;28.8901;45.9875;43.4857;135.377;83.3585;37.7008;73.0939;73.5184;23.8865;23.387;26.5134;1.85128
36;0;363017;15403.8;4823.95;301.098;851.472;61.9866;13583.5;1956.25;6.64618;172.308;500.185;3.23987;214.219;312.187;664.88;267.759;74.5613;28.4189;46.2798;44.1016;135.6;86.4421;36.5976;76.4123;76.3211;20.9202;23.6533;26.255;1.64962
37;0;362035;15707;4693.17;278.232;930.867;1.22577;13407.3;1993.65;11.6894;185.755;428.504;84.4328;181.634;303.918;663.847;268.705;73.5454;27.5391;46.9097;43.4995;134.661;86.4838;35.7539;73.5492;74.2491;23.2941;23.1698;25.4797;1.86106
38;0;362304;15341.1;4624.94;246.05;801.359;155.892;13521.7;2055.56;67.7804;265.246;409.677;69.0732;155.685;274.681;689.899;268.179;73.0583;26.8823;44.8692;44.7117;134.525;85.3014;39.242;76.9716;76.0205;23.5963;23.0718;25.6059;1.98893
39;0;362130;15236.3;4681.99;292.208;844.229;99.4466;13560.7;1993.27;127.978;165.387;436.317;44.8994;183.8;248.239;686.852;269.149;73.9559;28.9898;46.1262;44.8017;131.992;86.234;38.2531;74.2431;73.7759;22.5755;23.531;25.323;1.91005
40;0;363387;15284.2;4853.83;291.053;906.246;94.7337;13503.3;2066.51;26.3825;11.9112;514.265;77.5687;132.984;289.791;675.165;268.638;75.1907;28.698;46.3806;43.8781;134.707;86.1253;44.0833;79.2019;79.0363;24.1381;23.0731;26.5156;1.84697
41;0;362101;15455.1;4766.3;247.077;828.524;110.599;13469.5;2001.36;85.514;170.292;453.608;72.3937;117.031;261.162;659.565;269.595;74.2992;27.2618;45.6941;44.3713;137.693;85.8317;30.5466;76.3963;76.8409;23.2805;22.1356;25.3325;1.75417
42;0;362601;15147.1;4831.55;242.655;766.488;98.0698;13480.3;2004.09;26.2371;283.113;303.023;111.495;174.415;292.435;689.723;268.665;74.9324;27.374;44.7865;44.1958;134.805;86.8636;39.7364;75.0008;73.3195;25.3083;24.3838;26.6435;1.86203
43;0;362881;15391.3;4768.67;274.265;909.608;120.35;13602.1;1762.9;192.964;209.209;334.846;72.9745;152.73;266.178;671.478;269.315;74.4054;27.6354;46.6405;44.7702;135.514;85.7588;40.1112;76.2958;73.768;24.2512;23.5239;25.3875;2.05126
44;0;363039;15172.9;4891.02;264.743;902.779;124.142;13542.1;1968.08;66.6357;166.034;424.999;164.964;113.901;305.143;663.888;266.659;74.8599;27.467;46.3693;44.7853;135.096;86.9015;36.1766;72.4457;72.9755;25.0669;22.5814;26.0516;1.80191
45;0;363119;14772.6;4784.16;228.704;851.352;68.2992;13499.8;1964.92;75.6713;110.012;466.123;81.0621;148.731;295.428;683.434;269.222;74.3873;26.7116;45.8142;44.2079;135.179;86.6412;40.1191;75.4111;75.1912;23.9349;23.0849;25.5668;1.77423
46;0;361678;15571.2;4630.1;316.399;786.623;89.3162;13582.6;2021.29;104.889;221.715;385.632;150.661;164.169;315.946;686.785;269.59;73.2137;28.9377;45.1442;44.622;135.32;87.3726;38.0778;75.9688;75.4055;25.2836;23.8889;26.4505;1.93516
47;0;361886;14848.9;4826.78;269.21;895.521;121.478;13388.2;2042.36;55.6484;175.992;460.177;68.6234;106.073;288.166;679.864;267.028;74.8391;28.2414;46.6479;44.821;134.573;87.1178;40.2114;75.3221;74.8221;23.285;21.8816;26.1749;1.76723
48;0;361472;15235.2;4691.51;298.288;875.069;94.1195;13507.4;2151.67;56.9884;256.641;327.169;183.949;102.015;237.944;686.654;267.21;73.6592;28.4838;46.2713;44.1055;136.992;86.5539;37.8454;74.4674;73.2816;26.4302;23.6732;25.4499;1.79729
49;0;361420;15473.9;4756.61;300.163;881.058;101.993;13462.8;1994.4;40.9312;267.195;371.955;73.0389;166.23;296.568;682.193;268.486;74.1781;28.4999;46.3466;44.4133;135.199;87.1279;38.4017;73.8018;72.6803;23.2737;22.5883;25.2862;1.93331
50;0;361021;15203.6;4854.44;254.663;867.503;81.103;13353.7;1977.22;1.62822;307.544;336.6;79.2353;173.162;279.912;689.897;268.956;74.8196;27.5479;46.336;44.3666;134.609;86.237;40.0209;78.4153;76.3504;23.621;23.1956;25.4283;1.89884
51;0;360977;15122.6;4570.03;326.372;840.333;186.876;13553.9;1828.96;67.5338;253.753;348.149;114.736;147.91;287.702;674.51;266.935;73.0031;29.1062;45.8369;45.8123;135.492;85.6809;39.3603;77.4809;75.2307;24.089;23.8006;25.8984;1.8045
52;0;360934;14877.4;4678.09;259.198;908.34;127.287;13318.5;1973.28;17.4821;316.052;286.527;133.636;155.392;242.797;687.567;265.494;73.375;27.257;46.569;44.8038;134.527;86.8475;39.9018;74.2893;71.9687;25.1796;23.4378;24.5464;1.95113
53;0;360726;14819.1;4761.32;260.046;822.66;119.055;13474.7;1971.87;87.9794;148.539;450.817;28.4691;160.994;326.991;667.133;265.048;74.1676;27.9566;45.5135;44.8723;134.879;86.9141;37.6318;76.1034;75.2535;22.7583;23.4646;26.9417;1.8955
54;0;359814;15099.4;4636.28;255.765;783.681;72.616;13481.8;2126.08;6.44483;312.705;333.586;72.448;158.154;274.763;661.715;264.351;73.1926;27.716;44.9657;43.6925;134.382;86.4718;33.3343;75.0074;74.9495;24.1961;23.3597;26.1102;1.90108
55;0;362051;15917.8;4522.59;319.596;888.784;145.292;13399.4;2069.25;113.518;157.957;523.743;22.6914;215.762;287.817;682.31;270.535;72.3854;28.7065;46.3521;45.1159;134.574;87.1894;38.7359;76.6317;76.1122;21.5097;23.9025;25.5098;1.87317
56;0;358223;14992.1;4632.98;222.696;869.723;115.412;13497.4;1944.73;26.5459;307.506;358.032;7.09129;137.121;260.43;687.89;265.964;73.3805;26.8563;45.9256;44.5933;134.524;85.0604;37.5739;75.5444;74.828;21.9742;21.815;25.3922;1.8177
57;0;357193;15311.3;4570.92;320.073;828.233;93.1478;13306.7;1827.86;117.257;128.503;505.127;89.2388;170.676;314.332;672.636;266.844;72.8308;28.4832;45.5433;44.1699;135.297;85.4207;38.5209;74.8212;75.0239;24.8642;23.5563;26.1679;1.77761
58;0;359812;15066.4;4613.06;243.905;930.994;72.1687;13520;2037.16;87.4222;34.8878;555.928;54.1937;151.843;303.699;685.156;268.253;72.9023;27.1621;46.9094;44.0689;135.22;87.508;39.5149;74.2927;75.6246;23.9134;23.5478;26.4003;1.71315
59;0;358651;14876.4;4708.41;338.947;889.76;126.325;13411.2;1971.22;79.3516;239.708;417.562;141.593;112.85;292.834;685.225;266.064;73.7051;28.7791;46.2856;44.6896;134.467;85.6677;36.3248;75.6378;74.8078;24.853;22.0316;25.6717;1.7516
60;0;361751;15471.7;4778.51;331.29;925.143;93.7907;13531.9;2036.36;103.451;237.904;382.796;64.1538;174.207;312.512;680.285;269.499;74.5606;29.2638;46.1838;44.0487;132.985;85.4483;41.43;80.7457;78.6419;22.7513;23.3734;25.8411;1.93185
61;0;363202;15059.4;4708.97;310.806;892.019;117.122;13569;1970.81;98.1968;162.697;507.344;53.3032;146.907;303.809;682.599;270.542;74.1929;29.2899;46.458;44.8433;135.491;87.0296;39.9017;78.215;78.3509;23.665;23.783;26.7507;1.83852
62;0;363505;14940.6;4832.2;326.954;886.563;34.7709;13288.9;1900.77;48.2349;190.6;478.56;33.8493;210.748;301.977;681.278;268.004;75.1188;29.2219;46.3838;44.0094;133.674;86.373;40.4632;77.7287;76.3937;23.5667;23.9526;26.0286;1.81472
63;0;360409;14984.9;4780.98;273.61;871.75;106.028;13460.7;2108.26;69.1852;331.562;274.618;108.724;142.174;249.093;685.524;268.018;74.6614;28.5874;46.3755;44.7405;135.034;88.0458;38.796;75.8296;73.6578;24.8538;24.2499;25.6569;1.78808
64;0;362843;14884.4;4783.98;273.726;894.909;83.1897;13502.1;1923.27;17.2203;236.58;382.867;63.5958;157.051;299.439;691.596;267.662;74.5379;28.5308;46.5504;44.4036;134.793;85.2839;39.0941;75.6533;74.9804;23.2448;23.4361;26.2384;1.72684
65;0;361804;15728;4695.53;254.524;857.922;87.0094;13391.4;2033.79;0.233832;223.12;445.364;101.267;186.942;244.932;670.937;272.619;73.6828;27.6812;46.2345;44.4533;135.26;87.1022;37.6755;76.4523;76.0961;24.0594;24.6844;25.468;1.90567
66;0;362501;15788.9;4778.21;291.546;833.119;87.9839;13641.8;1976.38;146.434;127.432;434.801;94.3614;182.373;299.022;677.775;271.436;74.338;27.6773;45.2459;43.2602;135.032;85.5455;39.2257;76.211;75.3695;23.7095;23.2374;26.1087;1.90621
67;0;363577;15248.2;4954.17;295.239;916.139;107.894;13549.9;2036.28;105.876;298.231;310.814;68.721;162.579;310.4;676.953;269.199;75.6739;28.3924;46.9196;44.7778;135.564;86.9857;41.62;78.3073;75.9704;23.5859;22.9406;26.3551;1.9969
68;0;361586;15287.1;4791.04;263.52;915.509;56.237;13087.7;1977.76;1.55282;308.329;399.576;78.6405;144.015;316.066;686.476;268.195;74.5549;27.9856;46.8865;43.8113;133.538;86.2848;39.6431;77.344;76.6266;24.0239;23.012;26.8989;1.78957
69;0;362731;15466.2;4809.95;326.033;902.445;77.5445;13586.6;2010.67;48.7727;170.753;450.96;80.2316;115.033;254.031;681.446;268.603;74.7377;29.4101;46.6044;44.404;135.415;86.3656;40.0105;75.4721;74.8244;23.3862;21.9225;25.2004;1.80053
70;0;363164;14978.6;4792.65;311.069;915.178;104.216;13697.9;1904.82;45.8378;157.626;463.894;90.607;167.623;296.549;680.775;268.407;74.609;28.7063;46.7526;44.8659;136.189;86.4637;41.6738;78.4134;77.4536;24.3727;23.448;25.9143;1.64507
71;0;362372;15161.3;4672.5;276.558;848.459;48.7946;13457.4;1968.05;57.4423;270.284;381.413;77.1728;156.184;351.738;690.202;267.973;73.6306;28.147;45.8457;43.7075;134.325;85.3573;38.8614;75.5736;74.5482;22.6488;23.0394;26.99;1.85989
72;0;361468;15692.7;4735.01;315.139;792.644;23.4647;13663.9;1995.48;38.3537;332.88;332.113;57.49;181.703;244.469;691.799;269.363;74.2036;28.9132;45.6967;44.1615;135.69;86.7068;37.4901;76.0438;74.9556;22.8679;23.7279;25.0653;1.80909
73;0;362266;15088.5;4717.61;306.2;754.404;87.2629;13613.3;2073.21;84.6565;249.132;345.033;97.4506;202.501;322.978;677.261;267.609;74.1242;28.9158;45.1055;44.6506;135.551;86.968;40.8975;77.4247;75.762;26.012;25.0946;27.1673;1.77026
74;0;362479;15209;4755.39;281.668;836.725;67.0452;13515.1;2131.96;6.09599;371.543;305.506;129.665;152.017;294.89;692.63;267.169;74.1676;28.1363;45.5518;44.1074;135.099;87.4587;38.6425;77.1963;75.8722;25.1361;23.3634;25.824;1.74494
75;0;361602;14961.6;4938.9;258.31;842.69;38.5203;13377;2025;70.2591;25.0564;596.298;89.0405;160.278;288.083;677.065;267.01;75.5755;27.5632;45.6696;43.4921;134.376;86.189;40.605;75.6085;75.8342;24.0889;24.0848;26.0314;1.83347
76;0;362630;15567.3;4766.69;330.118;834.596;129.672;13468.5;1915.68;63.4222;168.631;407.469;152.096;90.8751;346.452;687.303;271.718;74.3232;28.9788;45.785;44.3504;134.631;85.7695;39.0979;75.7838;75.062;24.5176;22.708;26.6448;1.75295
77;0;361368;15807.9;4666.42;343.089;867.71;34.0122;13502.3;1970.19;25.4143;263.033;449.208;74.0073;195.153;264.005;687.721;271.175;73.7411;29.1443;46.0419;43.6864;135.005;86.4416;39.322;78.8433;77.8379;23.3598;23.9152;25.0455;1.66428
78;0;361975;15006.1;4725.26;234.142;872.578;96.9252;13452.9;1928.18;67.5967;198.079;422.03;105.4;107.775;305.422;683.223;266.899;73.8687;27.0341;46.1056;44.1764;134.884;86.3812;39.8175;75.2454;74.3901;23.7973;22.4029;26.2592;1.82053
79;0;362501;15187.5;4777.6;273.612;842.879;51.4511;13620;1966.74;86.1584;92.2406;494.121;87.2297;119.151;219.297;683.341;268.885;74.5732;28.2948;45.9499;44.319;135.564;86.4617;37.6356;75.0377;75.147;24.0993;22.5377;24.6462;1.92413
80;0;361483;15569.8;4778.18;283.706;892.573;162.606;13614.6;2090.57;43.8361;292.869;314.308;29.2049;170.428;292.175;688.86;270.774;74.3511;28.0208;46.1711;44.972;134.962;87.105;39.1882;76.1603;73.9609;22.2306;22.4208;25.61;1.79877
81;0;360770;15629.8;4635.7;271.732;796.616;113.113;13423.4;2000.07;128.332;270.678;397.575;25.5244;152.425;316.541;680.583;270.453;73.5069;28.2452;45.5818;44.9554;135.179;88.1413;39.1823;75.7468;74.2199;22.3412;23.2321;26.5088;1.87082
82;0;361626;14746.8;4608.96;323.248;842.786;69.0217;13438.4;2146.94;59.6191;246.951;485.08;88.8551;177.563;287.4;675.772;264.748;73.064;27.9875;45.7432;43.7563;134.661;86.587;36.0135;75.7472;76.0596;23.3958;23.2428;24.7596;1.85647
83;0;361823;15740.8;4600.92;309.468;821.876;54.0826;13325.7;2090.18;29.5166;167.695;472.209;104.385;158.343;255.236;688.682;267.191;72.8997;28.3646;45.2946;43.7665;133.638;87.2626;38.3874;72.5951;72.8871;23.38;22.8926;24.5766;1.72456
84;0;362103;15461.3;4816.66;240.975;939.249;98.083;13509.7;2049.69;30.5009;274.241;384.028;48.7832;143.821;268.159;687.095;268.549;74.5818;27.4089;47.0754;44.2638;135.346;88.0328;38.5233;74.0419;72.9718;22.5957;22.0299;25.1516;1.9384
85;0;361550;15239.7;4617.01;321.466;1013.31;104.379;13679.6;2187.7;63.6153;276.571;326.333;83.489;143.156;324.086;680.132;268.272;73.1148;28.4059;47.7627;44.8707;135.729;88.7478;39.0963;75.6038;73.8158;23.0534;22.4139;25.882;1.90777
86;0;362234;14697.7;4524.67;242.631;882.375;121.951;13365.2;2121.6;20.4181;95.7568;530.233;117.274;137.116;308.134;693.855;265.6;72.4285;27.3051;46.2826;44.9923;134.356;87.0885;38.6037;74.5403;74.6123;24.1084;23.0985;26.342;1.75657
87;0;362090;14816.4;4691.14;348.583;1014.9;120.489;13618.6;2069.77;77.0206;250.106;355.531;75.1113;130.162;298.776;673.944;265.182;73.6774;29.2993;47.876;45.191;136.115;88.5552;40.5217;76.2686;74.1044;22.5856;22.1634;25.3618;1.86587
88;0;361660;15297.4;4663.65;274.724;874.05;21.3538;13638.2;2019.94;64.1384;349.999;234.823;78.7146;127.551;263.83;672.928;267.215;73.5078;27.801;46.1964;43.4296;134.133;85.9117;33.5308;74.5546;72.228;23.5631;22.4308;25.3484;1.80649
89;0;361933;15335.1;4663.43;279.505;880.527;11.7309;13480.4;1972.45;103.527;356.66;257.61;94.8978;154.64;266.985;678.994;267.388;73.5224;28.3129;46.2836;43.6731;135.046;86.9775;38.9304;74.9919;72.7919;23.8491;23.5951;25.479;1.85974
90;0;360392;15418.5;4577.46;210.015;763.122;47.2188;13515.8;2125.14;29.2402;171.664;385.056;69.3682;148.3;253.316;691.977;268.589;72.9532;26.9794;44.8733;44.0146;135.202;89.0792;38.8483;73.0669;72.3058;23.7444;23.2693;25.4232;1.75619
91;0;360350;15175.6;4750.91;260.384;935.646;89.1266;13471.7;2105.7;28.0155;249.909;421.261;144.855;161.349;280.112;693.586;267.452;74.0049;27.6976;46.7982;44.659;135.088;88.3146;38.248;75.8401;74.994;25.5545;23.9955;25.9872;1.97354
92;0;360260;15515.6;4672.27;284.403;919.564;159.006;13516;2003.94;85.6905;349.449;284.758;112.901;194.429;327.946;685.455;268.945;73.417;27.597;46.7615;45.3962;134.76;88.5477;37.2388;76.3445;74.3044;23.6687;24.1062;26.2148;1.90548
93;0;361537;15052.5;4739.55;242.433;909.839;147.48;13353.1;2101.56;99.1162;205.261;408.373;36.0935;192.644;248.102;665.518;267.123;74.2848;27.551;46.5162;45.1574;134.917;89.7019;36.6406;76.6579;75.9208;23.2095;24.5545;25.8179;1.97504
94;0;362628;14794.5;4527.76;286.125;941.11;159.841;13687.2;1973.83;5.31243;267.007;366.082;107.837;105.623;284.994;680.374;267.341;72.7775;28.5217;46.9516;45.0273;135.833;88.2538;38.9255;75.4973;74.4992;24.2575;21.7739;25.7579;1.79063
95;0;361784;15281;4729.78;241.226;867.198;102.36;13445.9;2083.08;43.934;352.77;311.658;2.06124;233.465;231.847;685.925;268.461;73.7886;26.7295;45.7555;44.4221;134.911;88.1226;38.9732;78.2999;76.4391;21.2246;23.8316;24.2265;1.90554
96;0;360950;15819.7;4833.91;218.376;889.75;92.4323;13372.3;2050.61;49.1177;171.3;448.618;60.8064;142.858;251.702;695.075;273.363;74.8804;27.2472;46.5811;45.0153;135.139;89.2519;38.0985;73.9967;74.3697;23.3537;22.4145;25.3124;1.73853
97;0;361873;15006;4834.65;261.513;820.042;178.709;13242.8;2242.24;85.936;5.38454;571.916;56.2859;216.415;260.204;669.756;268.715;74.9022;28.2715;45.6688;45.9307;134.644;89.8721;39.4668;76.5423;77.5334;23.1907;24.6332;25.4491;1.80689
98;0;360770;14895.6;4629.81;282.841;911.396;34.2855;13301.7;2150.41;38.4585;271.666;393.44;83.5633;138.609;315.22;709.993;267.07;73.2368;28.1919;46.694;43.6354;134.411;89.0914;36.445;74.4145;74.0958;23.3686;22.5037;26.3828;1.81359
99;0;361666;15097.8;4689.02;301.107;842.146;78.4665;13541.6;2074.99;118.638;167.718;377.147;125.746;144.212;272.239;661.504;268.27;74.0565;29.0619;45.8779;44.7225;137.821;89.0498;36.9733;75.6251;74.9126;25.0119;23.8689;26.0559;1.90808
100;0;378262;15922.1;4717.55;293.556;846.995;242.132;13783.8;2079.45;57.1199;341.511;389.854;82.2757;166.597;350.9;754.603;275.047;73.3103;27.8493;46.2136;46.9465;136.344;87.5152;34.8378;75.1371;75.3808;23.6382;23.3614;26.8893;1.62728
101;0;379601;15965;4712.31;301.813;849.512;147.175;13777.8;2039.83;28.903;280.237;390.002;89.7481;169.013;404.021;749.286;281.114;73.187;27.3781;46.1106;45.777;131.86;85.534;38.9182;75.8824;75.3493;23.4979;22.4544;27.0424;1.8728
102;0;379831;15743.1;4633.72;239.125;777.666;178.791;13896.9;2090.1;31.4781;267.842;393.451;55.7195;119.115;308.12;733.913;278.766;72.6633;27.2873;46.2203;46.3536;136.349;86.781;33.3913;74.8271;75.0792;22.7298;22.174;25.9258;1.60663
103;0;380112;16243.2;4742.6;289.98;852.278;179.143;13993;2203.69;54.0532;374.343;291.039;124.731;76.245;333.833;720.555;275.972;73.6049;27.869;46.2191;46.0258;137.272;87.6879;32.1855;73.1175;72.3068;23.153;22.087;26.2432;1.86724
104;0;379355;16273.2;4716;256.467;911.49;169.068;13897.7;1902.27;33.3062;357.762;295.961;83.0693;134.328;344.439;748.89;275.943;73.1381;26.7513;46.7343;45.9689;136.339;84.8752;34.7576;72.6462;72.4554;23.1548;22.5197;25.8826;1.76181
105;0;379997;16139.2;4715.98;311.882;927.996;161.438;13960.2;2108.75;41.1145;321.145;492.175;84.2529;151.002;367.514;725.267;272.698;73.5827;28.5933;47.166;46.0264;135.561;87.905;31.9298;75.5006;76.487;23.7507;22.8376;26.8949;1.82723
106;0;379266;15818.2;4776.48;243.373;882.324;93.3749;13763;2163.19;49.2743;451.958;279.1;65.0305;260.401;298.811;755.228;276.82;73.7572;27.0128;46.9485;45.226;136.336;87.3554;34.4417;75.5401;74.5722;18.3723;24.3378;25.8046;1.72701
107;0;378704;16273;4848.99;269.514;764.544;114.75;13862.1;1834.24;60.6924;302.942;405.603;127.94;133.212;339.398;755.011;276.918;74.2139;27.4658;45.1292;45.289;136.404;85.3504;34.3052;73.093;73.4901;24.6465;23.4565;26.5062;1.73293
108;0;379762;16296.7;4725.37;348.965;713.928;56.7694;13537.1;2126.68;30.8291;276.344;429.251;77.5057;197.49;328.285;740.238;278.864;73.33;28.7724;44.7685;45.0829;135.649;87.5679;35.7497;74.1304;74.6409;22.692;23.5469;26.021;1.97292
109;0;378897;15928.8;4800.28;278.586;817.704;134.711;13923;2034.69;51.1;241.124;441.926;63.3871;182.254;330.845;700.065;275.968;73.5681;26.8414;45.6888;45.2724;136.287;85.8518;31.0282;72.3911;73.3254;23.7514;23.1706;26.2811;1.78788
110;0;378218;15985.1;4812.31;189.066;796.073;147.481;13840.4;2184.51;20.1944;265.021;453.252;47.9353;191.717;267.234;711.02;276.528;74.3048;26.6492;45.441;45.4165;135.98;87.1425;35.1495;78.3693;79.0168;23.6413;24.2449;25.9333;1.66262
111;0;376812;16510.5;4782.36;295.545;796.64;110.479;13830.1;2083.75;65.7059;260.562;447.531;39.9167;176.01;306.384;753.667;278.701;74.1345;28.657;45.2809;44.5537;135.792;86.0332;36.534;75.9952;75.993;23.4996;23.7451;26.4801;1.68519
112;0;377261;15817.6;4769;240.764;774.817;141.01;13675;2197.09;30.9333;199.146;584.048;37.79;214.745;306.692;752.191;275.322;73.9152;27.9679;45.4265;45.6581;135.501;87.5776;34.7991;76.435;78.4713;23.5383;24.7978;26.8504;1.65138
113;0;376266;16154;4650.26;286.536;771.597;95.173;13603.1;2100.65;70.9557;411.04;352.162;76.6429;161.791;328.228;746.322;275.772;72.8403;28.0959;45.3749;44.8742;134.936;86.1248;34.2298;76.3529;75.8908;24.0752;22.9281;26.3324;1.74583
114;0;374861;15631.2;4825.99;285.465;818.927;117.417;13479.6;2058.62;23.9256;184.917;495.42;108.608;197.4;335.709;737.301;285.857;74.1792;28.101;45.5105;44.7191;131.753;85.564;36.5419;73.6912;74.7354;24.1332;24.0338;26.498;1.71463
115;0;375713;16412.5;4772.68;287.369;812.307;64.9429;13597;2131.33;69.1028;359.964;407.413;73.871;197.553;372.462;761.354;276.956;73.8176;28.3361;45.7629;44.7325;135.308;86.1616;33.0378;74.9138;74.9099;23.6674;24.0113;27.3025;1.74089
116;0;375651;15588;4804.34;282.772;797.678;125.407;13695.6;2005.15;43.9696;207.112;543.708;91.8767;185.822;298.169;752.45;273.176;73.7843;27.549;45.7106;45.4888;135.745;86.2117;34.0446;75.2906;77.2344;23.6911;23.7401;25.295;1.66395
117;0;376767;16177;4737.38;276.665;803.203;142.172;13845.3;1960.72;22.2353;316.438;358.298;57.4519;175.968;328.037;725.479;273.717;73.3748;27.9608;45.8733;45.6839;136.911;86.22;31.4871;74.2806;74.2374;22.7147;23.3731;26.3387;1.79676
118;0;376569;16110.7;4759.34;303.243;730.024;83.1342;13598.3;2108.31;29.2444;267.576;502.575;117.415;174.558;362.814;741.197;272.265;73.5476;28.1136;44.773;45.336;135.57;87.0803;35.0574;78.1917;78.7842;24.7976;23.7354;26.9865;1.71973
119;0;377670;15397;4747;264.02;848.673;153.237;13620.2;1989.01;58.3375;421.437;224.661;49.1961;218.147;403.995;747.329;272.842;73.4178;26.8168;46.0909;45.2146;135.241;86.0711;36.1747;77.2782;75.8378;22.4403;23.9299;27.3688;1.78077
120;0;376626;15936.7;4666.49;268.828;853.814;141.109;13736.7;2025.51;37.2032;413.943;353.448;90.3938;171.556;289.339;760.173;275.525;73.4288;28.5897;46.0924;45.1316;135.632;86.3744;35.5827;80.0414;79.8271;24.8366;24.3248;26.2066;1.783
121;0;377189;15632.4;4854.73;227.126;817.69;109.76;13824.5;2131.12;74.5326;394.083;423.603;45.0295;129.68;273.728;705.226;273.728;74.1494;26.8689;45.5424;44.8493;137.571;86.9202;31.4663;78.0125;77.9174;22.884;22.9945;25.7009;1.91501
122;0;377560;15705.5;4822.09;231.27;894.709;160.617;13731.2;2037.06;5.71554;268.399;373.471;103.865;156.108;284.502;733.558;278.455;74.3652;27.5102;46.2734;45.0556;132.541;85.4234;37.9389;77.9043;77.4576;23.9215;24.0824;25.6557;1.81351
123;0;377200;15897;4611.96;286.888;823.331;212.933;13895.6;1998.39;33.4664;220.566;505.016;53.4;196.806;289.692;757.653;274.897;72.6794;28.1644;45.6823;46.2303;136.713;85.8766;33.6582;75.7739;77.4587;23.6619;24.4906;26.0106;1.80723
124;0;376794;16450.9;4709.4;243.095;730.939;94.9279;13551.3;2092.51;36.8685;317.364;391.723;107.977;155.061;308.561;754.497;276.98;73.2804;27.0492;44.5868;45.0249;134.983;86.8312;35.0695;75.2593;75.1694;24.7674;24.1027;26.2439;1.82442
125;0;376235;16053.5;4791.43;272.605;874.067;187.883;13873;2049.53;34.5696;315.461;370.381;87.8336;170.648;275.6;749.5;274.276;73.978;27.6059;46.276;46.1561;136.533;87.5767;35.4263;73.9636;73.8878;23.8872;23.4434;25.4106;1.81012
126;0;376545;16220.2;4722.42;246.735;877.732;133.97;13858.8;1927.87;59.8395;288.174;394.711;93.9966;164.11;380.763;744.076;277.6;73.5007;27.3153;46.6342;45.3857;138.076;85.9147;35.6609;76.1078;75.9099;23.8425;23.6868;27.5237;1.81258
127;0;376727;16038.4;4683.42;257.223;774.542;163.376;13772.9;1899.76;33.2241;228.229;449.1;54.1862;181.279;305.759;733.467;277.285;73.5006;27.9092;45.5485;46.4147;136.406;86.3312;37.5102;75.8245;76.4135;23.7297;24.11;26.8295;1.7167
128;0;376003;16100.3;4743.6;271.467;721.578;130.771;13586.5;1921.24;6.89253;276.99;418.938;0.159573;171.283;361.352;748.633;275.749;73.6328;28.1948;44.5346;45.3837;135.076;84.7611;35.2736;76.8832;76.9893;20.8065;22.8426;27.0888;1.71305
129;0;377441;16020;4758.39;210.133;730.642;143.549;13453.8;1977.62;1.06184;298.508;353.188;77.0078;188.162;335.913;752.674;275.039;73.6106;26.1787;44.7436;45.4118;134.641;86.067;34.9835;76.9489;77.0386;23.0034;24.2149;26.1607;1.76148
130;0;378775;15574.4;4744.52;276.337;777.941;134.244;13592.3;2050.72;1.68737;232.808;515.094;52.4675;153.358;284.523;734.576;274.285;74.0323;28.8517;45.6285;45.9146;136.789;87.2892;37.8565;78.4635;78.8647;23.6697;23.9133;26.3364;1.65553
131;0;378096;16426.5;4673.07;323.743;840.437;3.29099;13913.3;2087.32;47.1414;316.149;422.572;71.5043;177.312;323.783;717.24;276.647;73.2038;29.2571;46.8946;43.6216;136.028;86.4709;31.877;76.9403;77.3516;23.938;24.122;26.8296;1.7888
132;0;377411;15614.8;4721.12;256.032;887.218;174.191;13769;1903.62;95.081;259.903;444.547;44.9466;189.514;328.658;759.941;270.824;73.3467;27.6249;46.6204;46.0048;136.088;85.8537;35.1947;74.7488;75.262;22.8575;23.9045;26.8807;1.71153
133;0;377493;15371.3;4738.83;251.143;799.232;103.698;13650.5;2040.63;40.963;101.613;548.238;112.49;160.161;311.679;744.332;267.896;73.5673;27.4519;45.7248;45.6411;133.662;87.265;36.201;71.9502;73.6617;25.4172;24.2579;26.9057;1.64494
134;0;378507;15821.8;4622.11;273.195;870.646;136.249;13542;2056.75;40.3054;406.773;296.354;96.4603;130.568;327.616;733.636;273.566;72.8941;27.7381;46.1523;45.345;134.7;86.4487;35.8569;75.6813;74.9196;24.1183;23.064;26.7236;1.72574
135;0;378238;16680.8;4738.69;296.114;817.881;28.6158;13905.5;1962.46;131.435;343.184;338.419;116.667;171.308;303.777;759.2;276.891;73.2403;27.7683;45.7213;44.3813;137.548;86.3887;35.6533;75.3497;75.1576;24.5688;23.5327;25.5255;1.80298
136;0;377475;16057.1;4661.59;244.104;885.117;214.653;14043.7;2009.85;56.9099;314.17;346.069;63.8679;157.685;299.632;761.255;274.16;73.2399;27.5576;46.6314;46.0504;136.684;86.8319;34.7746;75.1908;75.1712;23.4391;22.8017;25.9658;1.84162
137;0;378394;15711.8;4745.96;272.989;813.067;157.589;13540.9;1992.82;44.3903;336.123;407.77;107.309;203.184;329.287;754.383;275.468;73.7209;27.7668;45.9704;45.7511;135.291;86.6491;34.5259;77.3275;77.5025;25.5961;25.2974;27.095;1.62648
138;0;379516;15907.4;4739.38;208.39;849.019;70.099;13648.3;2071.04;20.4225;297.245;364.852;69.6745;168.485;263.74;760.797;276.15;73.8415;27.0009;46.3258;44.3778;135.423;86.3112;33.7467;74.5993;74.7129;24.6173;24.1498;25.8228;1.72059
139;0;378634;16326;4716.9;311.011;825.194;191.977;13710.1;2188.65;0.13566;339.234;435.801;120.052;85.9847;359.544;744.427;279.529;73.696;28.8469;45.7295;46.0352;135.777;87.8219;35.5123;77.6589;77.8099;24.7799;21.9516;26.746;1.77831
140;0;377734;16137.6;4618.05;271.894;779.933;208.836;13794.9;2222.45;27.9649;350.86;320.597;61.8913;161.021;323.088;762.524;277.26;73.221;28.7132;45.5515;46.8937;136.636;89.9867;34.7579;75.5626;74.8861;24.5244;24.2697;27.472;1.77228
141;0;379080;15589.1;4619.02;252.78;816.151;227.661;13752.8;2119.5;33.7656;361.173;395.684;58.6493;165.164;322.657;754.234;274.547;72.6586;27.8056;45.9366;46.7122;135.928;87.0155;35.1086;78.4108;78.4919;22.5275;23.1218;26.0064;1.90707
142;0;379326;15936.6;4729.16;281.44;867.647;89.0249;13885.1;2023;36.9596;257.049;455.27;49.8243;197.057;309.078;758.513;275.991;73.6021;28.0678;46.6658;45.3545;136.643;86.3919;35.4285;76.2937;77.3422;23.5053;24.2849;26.6696;1.61842
143;0;378709;15382.6;4667.44;231.585;869.444;91.2954;13721.3;2055.19;47.0453;258.373;420.674;42.3508;143.319;347.452;689.064;272.824;73.0235;27.4207;46.2828;44.3121;134.066;85.932;29.7685;75.6585;76.9121;23.9679;23.4071;28.0133;1.65077
144;0;379972;16328.1;4723.03;273.112;817.933;135.587;13707.3;2206.91;86.5161;270.013;484.858;125.321;169.751;307.471;735.079;277.913;73.2708;27.5215;45.8801;45.8465;136.002;88.5665;34.0612;75.2036;76.3077;24.9746;23.6859;25.8711;1.78158
145;0;379238;15916.2;4763.78;213.306;882.439;139.516;13788;1950.87;54.3536;351.448;403.337;44.4329;184.388;349.212;754.217;274.044;73.6896;27.131;46.8303;45.8689;136.299;86.0882;34.0814;76.8099;76.6253;23.1799;23.8403;27.6801;1.74368
146;0;377951;15778.9;4678.26;270.27;833.423;213.022;13753.9;2064.84;61.7697;327.324;364.329;56.7055;115.61;340.689;749.548;272.353;73.1414;28.1559;45.6648;46.5214;135.846;87.0829;33.79;74.9684;74.8658;23.5879;22.9797;27.2271;1.76942
147;0;375626;16337.1;4649;250.591;840.897;99.6006;13730.6;2031.65;38.0276;425.889;320.625;42.446;168.736;284.862;707.082;273.378;72.9122;27.975;45.8409;44.3598;136.691;85.4434;31.7608;76.0374;75.5958;23.2177;23.4238;26.286;1.63664
148;0;378985;15669.2;4718.44;273.8;877.216;42.4716;13785;2010.06;40.9121;325.183;373;79.5902;143.803;305.375;695.338;273.631;73.2222;27.7327;46.2808;44.3578;138.383;86.1186;29.4755;73.7802;74.368;23.5508;22.8307;25.6964;1.81169
149;0;377195;16027.7;4619.87;262.674;780.17;110.848;13812.7;2067.9;98.9542;203.745;430.265;78.207;127.746;359.879;757.032;273.289;72.8531;27.8981;45.6321;45.6624;136.386;87.5346;35.2169;74.1986;74.8166;24.329;23.5566;28.0778;1.8127
150;0;375764;15868.3;4755.87;273.239;898.933;276.714;13577.3;2116.73;60.7051;257.134;489.002;99.7746;97.3767;321.198;704.534;271.553;73.7323;28.4102;46.6894;47.3133;135.335;87.4855;32.1578;76.6335;78.0434;24.7191;22.3275;27.5707;1.8187
151;0;375989;16064.4;4883.13;290.55;900.254;197.301;13796.5;2033.29;82.7069;413.499;267.89;112.146;162.675;352.716;753.397;274.646;74.4655;28.0981;46.2573;45.6395;135.475;85.6264;35.3941;77.5528;76.6188;24.6332;23.7247;26.847;1.71534
152;0;376382;16519.8;4662.88;241.087;885.027;156.685;13802.4;2037.5;62.5197;423.908;336.926;46.2563;166.822;354.818;762.428;278.261;73.0125;27.1458;46.5146;45.9209;136.367;86.6935;33.9156;76.968;76.6166;24.0723;23.3501;27.4863;1.72672
153;0;377310;16268.1;4694.89;262.881;789.268;145.244;14005.3;2039.11;102.061;335.176;436.02;22.6443;177.117;278.839;769.282;278.415;73.4187;27.7604;45.305;45.5381;136.269;87.1761;35.3453;75.5291;75.9508;22.7033;23.0633;25.4342;1.83868
154;0;377350;15586.7;4772.16;328.043;801.62;116.727;13840.6;2092.71;52.9983;338.387;349.955;39.378;190.317;342.634;706.973;273.689;73.7924;28.8383;45.6393;45.4283;135.779;87.3989;33.3533;76.2579;76.5479;22.5292;23.3948;26.5219;1.76519
155;0;373661;16095.6;4739.62;260.426;729.335;161.133;13725.8;2075.81;94.6762;347.469;298.997;40.4401;134.763;339.569;742.532;276.784;73.4429;26.9105;44.7643;45.8118;135.789;86.9878;36.1282;74.8468;74.0835;21.4468;21.5266;26.0033;1.82248
156;0;373098;15430.1;4655.42;320.797;820.238;100.42;13593;2120.27;40.7862;280.065;403.294;104.641;138.535;282.175;743.405;272.866;73.2143;29.1203;45.3892;44.5932;134.744;85.8326;35.9432;75.3114;76.2638;24.5173;23.4821;25.8681;1.73986
157;0;374327;15929;4747.4;279.66;819.105;81.4562;13311.8;2129.35;84.5823;424.97;348.68;25.917;131.098;301.914;725.094;272.973;73.5248;27.3582;45.996;44.7865;134.823;87.5715;33.4183;75.8648;75.2769;22.5536;20.9979;25.3007;1.82991
158;0;372618;16575.3;4653.46;248.606;827.492;87.1981;13695.7;2182.44;21.3209;219.261;453.433;58.9575;178.579;282.709;750.478;275.973;72.8936;27.0999;45.7916;44.6225;135.49;87.4192;33.5905;72.5973;74.3101;23.1874;23.1418;25.0168;1.89658
159;0;373823;15578.2;4729.37;304.883;778.727;161.546;13572.6;2136.17;78.2309;492.723;255.411;74.2252;174.49;331.263;742.827;273.679;73.5266;28.5704;45.337;45.5087;134.762;85.4417;36.5763;77.3416;76.0485;23.9629;23.4131;26.897;1.81493
160;0;377178;16021.2;4803.46;312.652;904.604;162.346;13699.8;2014.15;45.1293;370.467;308.283;30.1726;185.97;332.136;737.261;273.818;74.4657;29.561;46.9125;46.3602;136.304;88.0676;34.4444;78.2759;77.9965;21.6184;23.8334;27.0935;1.83049
161;0;377707;15860.6;4685.36;295.465;838.973;134.684;13657.8;2018.47;72.8314;430.653;275.553;74.2813;212.511;318.031;771.297;272.531;73.2448;28.6091;46.0132;45.1915;134.97;85.7081;34.0871;75.7123;74.9594;24.2081;25.1553;26.7379;1.86762
162;0;377004;16450.8;4869.98;260.513;750.552;94.4043;13686.4;2203.7;41.0267;409.635;295.277;90.2085;128.722;286.196;750.175;276.293;74.6522;27.8592;44.996;45.0894;136.855;86.372;35.0517;76.1724;76.1394;23.6357;22.5596;25.37;1.76645
163;0;377991;16130.8;4758.96;278.519;875.1;56.3596;13788;1979.09;62.2854;433.913;318.959;57.5076;200.319;278.742;753.309;272.272;73.7525;28.1726;46.6699;44.3561;135.985;85.7398;34.0857;76.4211;75.3064;23.7222;23.9624;25.437;1.85875
164;0;378493;16472.1;4496.22;298.03;846.426;205.584;14021.5;2130.09;70.7721;235.514;500.871;81.1696;150.634;320.273;756.091;277.806;71.9589;28.2987;46.0053;46.3409;136.83;86.6777;34.7931;75.9823;77.1642;24.4205;23.9353;26.9773;1.78648
165;0;378096;16383;4795.12;312.142;813.973;149.648;13679.1;1941.27;79.4361;347.137;308.396;24.5708;244.776;345.03;698.27;276.572;73.7488;28.4059;45.6508;45.8008;135.324;86.0169;32.4118;75.9155;75.6536;22.2359;24.3637;26.3155;1.71211
166;0;378642;15900.4;4838.78;243.359;826.356;102.499;13930.4;2106.06;130.759;354.416;325.511;76.6212;157.051;277.404;776.94;260.805;74.4495;27.5214;45.9177;45.377;132.257;86.4902;37.661;74.452;73.8916;23.9272;23.0943;25.8204;1.66239
167;0;377628;15978.8;4685.57;239.74;928.924;141.992;13569.7;1966.51;41.8188;253.478;446.953;89.7072;153.94;270.661;763.903;274.256;72.8982;26.9106;47.001;45.2852;134.688;85.2465;33.9524;74.8564;75.9802;24.2527;23.0113;25.1522;1.57113
168;0;379221;15791.7;4770.13;308.751;802.195;64.9229;13890.1;2051.14;31.037;251.341;441.987;51.9866;194.843;316.713;738.768;276.29;73.8793;28.6463;45.8608;44.849;136.372;86.4383;35.4057;75.8464;76.0893;23.2464;24.0901;25.9743;1.7037
169;0;378722;15974.9;4836.25;287.816;799.508;48.4426;13785;2085.78;105.758;366.147;368.763;83.9613;130.155;340.967;756.326;274.768;74.0235;28.0545;45.7037;44.3073;135.808;86.7618;34.4694;74.8674;74.9881;23.7435;21.8883;26.6347;1.80289
170;0;378787;15701.9;4597.43;311.492;793.16;142.939;13913.6;2168.19;99.1725;342.211;432.071;105.125;156.816;310.335;749.891;273.5;72.7875;29.12;45.8207;45.7251;136.583;87.7528;35.8918;77.6051;78.0628;24.2308;23.649;26.1787;1.86138
171;0;378756;16460.4;4699.89;340.557;800.269;133.464;13898.4;2085.89;38.2357;467.871;203.023;78.8144;132.083;342.604;759.58;277.364;73.558;29.7051;45.6141;45.6551;136.289;86.8094;34.3189;77.3469;75.7512;23.667;23.1406;26.8013;1.76542
172;0;377566;15795.6;4650.65;254.184;793.093;204.464;13679.3;2098.48;117.055;338.319;414.548;80.7426;152.412;328.806;770.044;266.493;72.6979;27.0664;45.4221;46.1424;134.737;85.8001;33.9699;76.646;77.0809;23.4377;23.0092;25.9;1.67225
173;0;378925;15887.1;4776.89;237.99;877.532;152.178;13884;2108.1;29.7901;329.135;421.514;104.131;167.946;309.135;732.174;275.478;73.8153;26.692;46.5521;45.6011;136.403;86.679;36.3499;77.5226;77.3321;24.7666;24.1301;26.1874;1.76937
174;0;378044;16046.1;4685.36;299.969;883.365;144.989;13887.7;1991.01;40.1747;319.915;415.043;25.0212;240.503;293.543;759.483;275.984;73.1878;28.4441;46.4097;45.5582;136.236;86.3797;33.9156;75.2945;76.0232;22.3927;24.4257;25.6034;1.90631
175;0;377779;16265.5;4767.87;295.268;773.022;94.1478;13649.4;2293.14;91.0345;332.327;375.981;29.6192;212.902;314.76;751.768;277.44;73.9308;28.4336;45.3954;45.1161;135.695;88.9309;36.3897;76.6348;76.148;22.3763;24.1798;26.3342;1.76116
176;0;378996;15839.5;4627.25;306.087;868.575;154.463;13839.7;1993.18;9.33576;284.789;355.307;98.7132;163.88;292.611;755.693;272.361;72.835;28.5517;46.3824;45.3631;135.897;86.5885;34.527;75.0296;75.5306;23.9441;23.5271;25.7232;1.71021
177;0;378024;16092.7;4622.07;234.559;756.27;217.211;13612.3;2178.99;48.538;257.11;462.634;72.1782;147.05;292.915;742.874;276.514;72.8374;27.3453;45.1749;46.6075;135.456;86.7324;33.4361;75.0463;75.6371;24.5274;23.4561;27.0883;1.6961
178;0;377927;15680.4;4636.46;239.1;854.928;107.553;13890.8;2161.96;54.7786;275.167;409.566;71.7383;201.513;323.918;754.346;272.412;72.9637;27.0455;46.2946;45.5175;136.6;87.1916;35.8112;74.8372;75.4333;23.2062;24.3525;26.6449;1.7549
179;0;378249;15671.7;4796.96;225.546;855.817;206.978;13711.2;2131.4;19.7799;264.859;444.241;50.9907;172.608;272.395;740.48;271.344;73.9886;26.9301;46.0281;46.3402;135.334;87.693;35.8279;76.0597;76.5694;23.8335;23.8398;25.7468;1.67363
180;0;377031;16000.3;4750.83;281.082;801.642;92.6439;13934;2106.22;51.4073;377.7;325.877;66.5587;203.038;335.338;758.069;274.226;73.3261;27.1338;45.5799;44.8271;136.585;86.582;33.8983;76.2009;75.2895;23.2702;23.7163;25.7227;1.75255
181;0;377530;15944.7;4766.66;325.514;783.765;115.246;13904;2255.42;47.9259;388.96;289.936;40.2557;149.866;369.349;755.402;273.135;73.5632;28.8966;45.735;46.0922;136.99;88.9844;32.0356;72.952;73.1095;22.6929;22.2197;26.9381;1.675
182;0;377547;16460.2;4652.3;300.824;878.519;104.121;13728;2031.45;74.0972;265.836;402.99;92.0311;213.15;338.287;708.826;278.046;72.6476;27.4977;46.4881;44.7344;135.7;86.5355;30.6198;72.3914;73.2045;22.745;24.3151;25.7999;1.87157
183;0;378809;16032;4760.33;247.89;877.628;130.969;13753.6;2049.33;8.52774;321.468;386.122;72.0112;167.402;308.711;741.031;276.834;73.7164;27.5207;46.6615;45.4982;135.941;85.9524;35.9693;75.3452;75.2274;23.5121;23.5107;26.3669;1.73134
184;0;378430;15704.6;4826.38;263.258;834.113;74.8551;13769.1;2059.3;18.2468;357.821;363.428;82.1296;169.653;288.397;716.632;273.498;73.825;26.8043;46.8563;45.3106;136.467;87.5783;30.6607;75.8324;76.2566;23.542;23.1719;25.0042;1.79767
185;0;377963;15825.1;4774.1;229.008;832.446;155.908;13802.2;2163.24;34.0151;436.983;341.043;104.667;181.385;305.043;762.46;273.8;73.391;26.3236;45.9558;45.9669;135.974;86.794;33.189;74.261;73.5545;24.2877;23.632;25.6132;1.75393
186;0;378461;16023.8;4729.13;306.806;935.117;189.596;13785.6;2159.87;29.2542;255.059;476.056;36.5386;180.166;311.112;747.131;275.483;73.1252;27.7496;46.6277;45.8546;135.851;87.3877;35.0015;74.8068;75.8116;21.5927;22.8857;25.9375;1.79314
187;0;377258;15934.5;4692.67;283.491;857.602;157.847;13701.1;2042.33;6.88487;312.478;374.712;124.625;118.442;234.958;712.96;282.473;73.2981;28.7853;46.2197;45.9864;134.647;85.9932;28.2645;71.8835;72.4985;24.9225;24.0397;24.8221;1.77381
188;0;376758;15491.2;4762.25;336.495;851.962;134.249;13807.4;2153.51;4.578;268.174;456.171;78.7796;159.601;371.167;737.852;273.956;73.612;28.1396;46.0933;45.7602;136.118;86.3365;35.4262;75.2474;75.3432;22.5787;22.1353;26.2095;1.71665
189;0;377539;16555.3;4829.85;287.531;902.611;95.1891;13601.6;2148.7;31.5012;203.823;542.95;105.245;183.218;345.116;749.302;276.445;74.0455;27.4927;47.0646;45.2956;135.42;87.2553;34.511;73.1193;74.9959;24.0658;23.9386;26.1311;1.65054
190;0;377768;15698.6;4753.6;243.594;935.37;148.544;13770.6;2176.81;87.474;335.904;385.216;71.3863;168.162;325.541;747.364;274.99;73.5338;27.0403;47.1254;46.0883;136.299;87.3579;36.3406;76.5841;76.3462;23.5135;23.4639;26.0022;1.82264
191;0;377853;16365.6;4694.54;233.961;827.777;103.482;13849.1;2078.24;61.3384;440.754;255.339;89.7128;122.977;315.725;759.278;274.585;72.8758;26.1249;45.8283;44.9081;135.892;86.2243;33.7573;75.0292;74.0939;23.3284;22.5907;25.4127;1.71991
192;0;379033;16587.9;4647.5;257.982;945.818;140.938;14007.7;1922.41;4.07093;376.061;396.475;31.3913;174.758;323.149;752.287;277.045;72.6707;26.892;47.4726;45.4807;136.73;86.0696;33.1023;75.1463;75.0846;20.0122;22.0033;25.5361;1.8762
193;0;379220;16110.1;4796.35;287.451;796.203;99.2845;13892.3;2008.78;116.98;447.421;274.651;50.8262;206.608;371.586;752.751;273.401;73.7411;27.3849;45.432;44.8389;136.38;86.5018;34.3051;74.8365;73.6991;23.2052;24.0028;26.8356;1.74345
194;0;379443;15786.4;4857.69;356.05;805.541;200.97;13760.2;2006.84;42.9181;229.759;499.04;122.729;157.168;354.399;743.319;274.99;74.1894;28.3511;45.3891;46.1711;136.142;87.0696;34.6577;74.2832;75.3336;23.3071;22.7068;25.9295;1.88425
195;0;377162;15971.3;4774.88;303.289;914.837;92.0963;13846.4;2059.68;89.4746;319.442;407.448;39.6273;181.794;315.846;752.653;275.07;73.5744;27.9603;47.3607;45.0565;136.378;86.6423;34.4978;73.6509;73.737;21.3754;22.3516;25.0761;1.69781
196;0;378039;15949.3;4766.13;282.747;776.737;146.881;13867.1;2184.02;88.6827;212.931;502.073;87.8957;100.442;257.675;758.942;274.239;73.633;27.9208;45.3816;45.6697;136.01;86.89;33.8143;72.7879;74.5941;23.6475;21.322;25.0317;1.71356
197;0;378908;16147.3;4720.46;304.185;886.614;136.912;13643.3;1949.93;47.5488;304.316;427.102;76.8137;189.805;315.022;696.019;274.715;73.0703;27.5423;46.3419;45.1984;135.36;85.5405;30.8613;75.0283;75.5484;23.1609;23.3116;25.302;1.89184
198;0;378284;15623.6;4724.18;269.488;877.646;87.1311;13659.6;2102.17;86.9106;344.898;372.769;80.8126;148.66;300.392;705.283;271.615;73.1133;27.0144;46.5233;44.8543;135.349;87.3134;32.6873;75.5101;75.7589;22.9949;23.3613;25.7326;1.84202
199;0;378003;15960.3;4646.42;293.503;880.677;115.017;13851.6;2170.57;57.4045;191.531;443.421;25.1755;206.583;326.27;685.275;276.139;72.7228;27.9131;46.4073;45.6969;150.65;88.2678;29.756;71.3676;72.8177;22.5144;23.6118;26.1783;1.81132

